City_ID,City,Lat,Lng,Max Temp,Humidity,Cloudiness,Wind Speed,Country,Date
0,labrador city,52.9463,-66.9114,15.92,70,100,2.09,CA,1691788240
1,udachny,66.4167,112.4,16.36,72,100,2.33,RU,1691788240
2,grytviken,-54.2811,-36.5092,5.13,86,100,5.99,GS,1691788240
3,nuuk,64.1835,-51.7216,7.34,93,20,4.12,GL,1691788240
4,invercargill,-46.4,168.35,4.45,91,100,0.45,NZ,1691788241
5,albany,42.6001,-73.9662,26.36,52,28,0.89,US,1691788154
6,georgetown,5.4112,100.3354,26.08,92,20,0.51,MY,1691787980
7,lebu,-37.6167,-73.65,10.02,67,24,4.12,CL,1691788241
8,san ignacio,17.1561,-89.0714,36.08,52,20,2.06,BZ,1691788241
9,isabela,6.7085,121.9711,25.03,85,50,0.17,PH,1691788241
10,edinburgh of the seven seas,-37.0676,-12.3116,8.77,57,72,10.74,SH,1691788242
11,colonia,50.9333,6.95,24.34,73,0,1.54,DE,1691787946
12,port elizabeth,-33.918,25.5701,19.9,38,2,3.39,ZA,1691788242
13,zaozersk,69.4005,32.4476,15.72,70,81,1.84,RU,1691788242
14,chonchi,-42.6128,-73.8092,8.4,68,100,1.09,CL,1691788242
15,adamstown,-25.066,-130.1015,18.67,51,11,8.68,PN,1691788078
16,dieppe,49.75,1.1667,20.11,94,100,0.45,FR,1691788243
17,alappuzha,9.49,76.3264,25.6,88,100,3.17,IN,1691788243
18,vadso,70.0744,29.7487,19.49,77,40,2.06,NO,1691788243
19,thompson,55.7435,-97.8558,20.66,35,100,2.11,CA,1691788243
20,marquette,46.5333,-87.6335,18.47,96,100,0.89,US,1691788243
21,woolgoolga,-30.1106,153.2007,8.91,80,3,2.92,AU,1691788243
22,freetown,8.484,-13.2299,24.93,86,100,4.99,SL,1691788244
23,port-aux-francais,-49.35,70.2167,2.87,85,54,16.9,TF,1691788244
24,kyabe,9.4515,18.9449,23.77,91,100,0.37,TD,1691788244
25,naze,28.3667,129.4833,24.55,86,11,1.4,JP,1691788244
26,uturoa,-16.7333,-151.4333,24.98,70,98,8.5,PF,1691788244
27,tarawa,1.419,172.984,29.05,79,20,1.54,KI,1691788244
28,saint-francois,46.4154,3.9054,24.69,65,0,1.54,FR,1691788245
29,canacona,14.9959,74.0506,25.42,87,21,2.29,IN,1691788245
30,jutai,-5.1833,-68.9,28.89,65,99,0.36,BR,1691788245
31,college,64.8569,-147.8028,21.71,63,75,0.0,US,1691788210
32,tura,25.5198,90.2201,23.86,98,100,2.35,IN,1691788245
33,vilyuchinsk,52.9306,158.4028,12.92,73,12,2.35,RU,1691788245
34,anadyr,64.75,177.4833,9.28,93,100,2.0,RU,1691788246
35,whitehorse,60.7161,-135.0538,17.95,51,96,5.81,CA,1691788110
36,zhangjiakou,40.81,114.8794,19.87,75,2,1.28,CN,1691788246
37,as sulayyil,20.4607,45.5779,34.87,12,98,4.27,SA,1691788246
38,tilcara,-23.5776,-65.3509,12.18,32,100,2.8,AR,1691788246
39,iqaluit,63.7506,-68.5145,6.5,87,100,2.24,CA,1691788246
40,st. john's,47.5649,-52.7093,19.88,89,99,1.79,CA,1691788063
41,jijiga,9.35,42.8,19.78,64,68,7.46,ET,1691788247
42,waitangi,-43.9535,-176.5597,12.12,95,99,1.79,NZ,1691788247
43,soto la marina,23.7667,-98.2167,39.06,36,0,9.28,MX,1691788247
44,ad dilam,23.9915,47.1627,34.91,16,49,3.27,SA,1691788247
45,jamestown,42.097,-79.2353,25.85,54,75,3.6,US,1691788203
46,yellowknife,62.456,-114.3525,13.94,84,100,4.16,CA,1691788180
47,ushuaia,-54.8,-68.3,-1.03,88,50,1.88,AR,1691788247
48,verkhnevilyuysk,63.4453,120.3167,17.43,76,100,2.86,RU,1691788248
49,puerto natales,-51.7236,-72.4875,2.18,77,4,3.06,CL,1691788248
50,ribeira grande,38.5167,-28.7,23.76,85,29,3.58,PT,1691788248
51,olonkinbyen,70.9221,-8.7187,7.13,99,100,2.32,SJ,1691788248
52,ishpeming,46.4885,-87.6676,18.3,97,100,3.86,US,1691788248
53,tchintabaraden,15.8969,5.7985,27.78,69,100,2.32,NE,1691788248
54,myitkyina,25.3833,97.4,24.13,99,100,0.55,MM,1691788097
55,selfoss,63.9331,-20.9971,15.02,83,100,2.62,IS,1691788249
56,namibe,-15.1961,12.1522,16.05,88,23,4.04,AO,1691788249
57,tommot,58.9564,126.2925,17.29,88,100,1.96,RU,1691788249
58,cabo san lucas,22.8909,-109.9124,35.34,67,10,2.35,MX,1691787673
59,rosarito,32.3333,-117.0333,27.73,73,36,4.96,MX,1691788249
60,wailua homesteads,22.0669,-159.378,29.44,74,40,6.17,US,1691788254
61,minas de marcona,-15.2119,-75.1103,14.84,76,26,7.29,PE,1691788229
62,sabha,27.0377,14.4283,29.42,25,0,4.31,LY,1691788255
63,harper,4.375,-7.7169,24.18,83,99,4.56,LR,1691788255
64,bethel,41.3712,-73.414,29.33,54,20,3.6,US,1691788255
65,la'ie,21.6477,-157.9253,30.98,66,33,6.84,US,1691788001
66,sinabang,2.4803,96.3801,25.5,85,53,0.82,ID,1691788255
67,mao,39.8885,4.2658,24.31,88,0,3.6,ES,1691788255
68,dompu,-8.5356,118.4622,20.49,95,7,1.14,ID,1691788256
69,xiaoweizhai,26.1903,107.5125,21.66,97,98,0.62,CN,1691788256
70,praia da vitoria,38.7333,-27.0667,24.31,81,15,3.24,PT,1691788256
71,hawaiian paradise park,19.5933,-154.9731,26.13,91,100,3.6,US,1691788256
72,puerto ayora,-0.7393,-90.3518,28.98,91,78,4.02,EC,1691788256
73,blackmans bay,-43.0167,147.3167,7.51,95,98,3.47,AU,1691788257
74,mar del plata,-38.0023,-57.5575,11.16,62,16,4.02,AR,1691788015
75,constitucion,-35.3333,-72.4167,12.15,62,42,7.21,CL,1691788257
76,papatowai,-46.5619,169.4708,5.37,75,100,2.35,NZ,1691788258
77,badger,64.8,-147.5333,21.66,64,40,0.45,US,1691788258
78,bredasdorp,-34.5322,20.0403,11.41,89,14,0.95,ZA,1691788258
79,beyneu,45.3167,55.2,30.08,22,0,1.64,KZ,1691788258
80,mount isa,-20.7333,139.5,7.87,87,40,0.0,AU,1691788258
81,geraldton,-28.7667,114.6,10.23,93,100,2.57,AU,1691788259
82,longyearbyen,78.2186,15.6401,9.91,93,100,0.0,SJ,1691788259
83,suva,-18.1416,178.4415,21.71,73,75,2.57,FJ,1691788259
84,port mathurin,-19.6833,63.4167,22.91,81,3,10.7,MU,1691788259
85,bilibino,68.0546,166.4372,14.34,56,53,0.98,RU,1691788259
86,pisco,-13.7,-76.2167,22.03,64,40,8.75,PE,1691788259
87,beipiao,41.7919,120.7792,20.6,86,100,1.88,CN,1691788260
88,zabol,32.25,67.25,24.34,19,20,5.2,AF,1691788260
89,konstantinovskoye,45.2992,42.6367,27.94,44,56,4.94,RU,1691788260
90,cheremukhovo,60.3484,59.9851,10.38,82,9,1.86,RU,1691788262
91,talnakh,69.4865,88.3972,7.34,75,29,8.98,RU,1691788263
92,tolanaro,-25.0319,46.9987,15.22,80,0,2.29,MG,1691788263
93,port alfred,-33.5906,26.891,20.29,48,0,3.87,ZA,1691788263
94,kingston,17.997,-76.7936,31.25,68,100,2.24,JM,1691788044
95,peace river,56.2501,-117.286,21.66,52,100,4.38,CA,1691788266
96,grand falls-windsor,48.9332,-55.6649,21.39,86,100,0.78,CA,1691788270
97,tazovsky,67.4667,78.7,3.92,56,0,10.3,RU,1691788275
98,ust'-ilimsk,58.0006,102.6619,14.35,69,100,1.35,RU,1691788278
99,gaigeturi,33.4644,126.3183,26.56,72,100,1.3,KR,1691788279
100,mahina,-17.5065,-149.489,26.87,61,75,2.06,PF,1691788279
101,tosontsengel,48.7567,98.2839,10.72,81,66,1.04,MN,1691788279
102,port lincoln,-34.7333,135.8667,11.99,85,100,5.05,AU,1691788279
103,panaba,21.2833,-88.2667,35.0,47,42,9.28,MX,1691788279
104,atafu village,-8.5421,-172.5159,28.28,62,41,5.51,TK,1691788280
105,santa terezinha,-29.9002,-50.0904,18.97,92,70,2.66,BR,1691788280
106,sungailiat,-1.85,106.1333,25.63,82,23,4.72,ID,1691788280
107,fale old settlement,-9.3852,-171.2468,28.05,67,20,5.85,TK,1691788280
108,flying fish cove,-10.4217,105.6791,23.82,88,75,4.63,CX,1691788281
109,saguenay,48.4168,-71.0657,15.95,95,99,2.99,CA,1691788142
110,arteche,12.2645,125.4048,25.57,90,100,2.98,PH,1691788281
111,balabac,7.9868,117.0645,26.93,81,58,4.11,PH,1691788281
112,vallenar,-28.5708,-70.7581,24.22,15,0,3.09,CL,1691788281
113,manggar,-2.8833,108.2667,25.94,77,99,4.59,ID,1691788282
114,guerrero negro,27.9769,-114.0611,25.17,66,47,8.53,MX,1691788282
115,ust-nera,64.5667,143.2,19.21,51,1,1.34,RU,1691788282
116,poronaysk,49.2167,143.1167,14.08,93,100,3.1,RU,1691788282
117,prado,-17.3411,-39.2208,22.73,83,54,3.43,BR,1691788260
118,salawagan,7.7053,125.115,21.96,98,94,0.76,PH,1691788283
119,cartagena,10.3997,-75.5144,29.79,84,75,8.75,CO,1691787916
120,zaoyang,32.1272,112.7542,24.75,87,99,2.72,CN,1691788283
121,mount gambier,-37.8333,140.7667,9.38,98,100,2.44,AU,1691788283
122,hsinchu,24.8036,120.9686,27.7,93,97,0.89,TW,1691788283
123,kogalym,62.2654,74.4791,7.98,59,6,9.18,RU,1691788283
124,santa maria de cayon,43.3079,-3.8756,22.28,93,20,0.0,ES,1691788284
125,meadow lake,34.8014,-106.5436,34.11,28,88,2.75,US,1691788283
126,utrik,11.2278,169.8474,28.45,77,12,8.1,MH,1691788284
127,richards bay,-28.783,32.0377,17.0,69,0,4.73,ZA,1691788284
128,pao de acucar,-9.7483,-37.4367,22.99,88,51,4.49,BR,1691788284
129,dolinsk,47.35,142.8,14.01,93,100,2.37,RU,1691788284
130,las khorey,11.1595,48.1967,31.36,61,38,2.36,SO,1691788285
131,san patricio,28.017,-97.5169,38.42,43,0,8.97,US,1691788285
132,crane,31.3974,-102.3501,40.27,18,5,3.59,US,1691788285
133,santa rosa,14.3122,121.1114,27.26,88,94,2.22,PH,1691788285
134,bay roberts,47.5999,-53.2648,20.08,91,100,3.13,CA,1691788285
135,smithers,54.7804,-127.1743,16.18,77,75,2.57,CA,1691788286
136,bubaque,11.2833,-15.8333,26.66,83,85,8.1,GW,1691788286
137,vernon,50.2581,-119.2691,29.61,27,53,0.45,CA,1691788286
138,kingscliff,-28.2667,153.5667,10.89,93,15,2.06,AU,1691788286
139,klyuchi,52.2667,79.1667,13.91,83,100,2.77,RU,1691788286
140,wanxian,30.8039,108.3897,27.44,89,100,0.93,CN,1691788286
141,okha,53.5739,142.9478,13.94,94,94,3.72,RU,1691788287
142,chibougamau,49.9168,-74.3659,15.79,88,100,4.12,CA,1691788287
143,auki,-8.7676,160.7034,25.34,87,61,4.23,SB,1691788287
144,hamilton,39.1834,-84.5333,31.23,59,75,6.17,US,1691787862
145,san luis de la loma,17.2706,-100.8939,31.71,64,39,4.51,MX,1691788287
146,tshikapa,-6.4167,20.8,26.15,30,4,0.58,CD,1691788287
147,ataq,14.5377,46.8319,24.2,55,100,10.81,YE,1691788288
148,kodiak,57.79,-152.4072,13.73,88,100,3.6,US,1691788288
149,dikwa,12.024,13.9165,28.27,65,100,2.43,NG,1691788288
150,nemuro,43.3236,145.575,14.87,92,100,6.49,JP,1691788288
151,lepsy,46.235,78.9456,20.4,67,94,5.62,KZ,1691788289
152,kailua-kona,19.6406,-155.9956,28.98,80,40,5.14,US,1691788289
153,nantucket,41.2835,-70.0995,28.03,67,0,8.23,US,1691788053
154,new plymouth,-39.0667,174.0833,10.45,82,100,1.63,NZ,1691788289
155,formosa,-26.1775,-58.1781,24.42,67,87,1.34,AR,1691788289
156,qaqortoq,60.7167,-46.0333,9.4,69,1,1.69,GL,1691788289
157,mejit,10.2753,170.8646,28.27,73,89,8.09,MH,1691788290
158,kupang,-10.1667,123.5833,22.92,79,72,4.73,ID,1691788290
159,tibro,58.4245,14.1616,13.2,85,9,1.34,SE,1691788290
160,lompoc,34.6391,-120.4579,29.27,74,40,4.63,US,1691788290
161,gracemere,-23.4333,150.45,8.95,87,0,0.0,AU,1691788290
162,vila vicosa,38.7777,-7.4179,29.82,54,0,6.17,PT,1691788007
163,iwanai,42.9744,140.5089,21.66,92,4,1.97,JP,1691788291
164,mawlaik,23.6333,94.4167,24.16,100,100,0.75,MM,1691788291
165,new norfolk,-42.7826,147.0587,8.17,88,94,2.85,AU,1691788291
166,yoko,5.5333,12.3167,18.7,98,37,0.62,CM,1691788291
167,mount pleasant,32.7941,-79.8626,31.1,73,0,1.79,US,1691788079
168,vilyuysk,63.7553,121.6247,17.55,77,100,3.58,RU,1691788291
169,tiksi,71.6872,128.8694,7.82,83,100,4.93,RU,1691788292
170,vorgashor,67.5833,63.95,5.25,77,3,2.69,RU,1691788292
171,villa mercedes,-33.6757,-65.4578,13.12,19,84,4.85,AR,1691787996
172,karratha,-20.7377,116.8463,20.24,52,4,2.72,AU,1691788292
173,lorengau,-2.0226,147.2712,27.16,80,89,6.42,PG,1691788292
174,murzuq,25.9155,13.9184,30.22,22,0,5.94,LY,1691788292
175,san antonio de pale,-1.4014,5.6325,24.06,87,42,4.17,GQ,1691788293
176,half moon bay,37.4636,-122.4286,31.44,69,100,6.69,US,1691788293
177,uvel'skiy,54.4446,61.3574,11.25,77,11,3.77,RU,1691788293
178,ati,13.2154,18.3353,30.39,58,100,2.84,TD,1691788293
179,hermanus,-34.4187,19.2345,11.56,90,6,1.45,ZA,1691788293
180,palangkaraya,-2.2,113.8333,21.12,91,100,0.91,ID,1691788154
181,nizao,18.25,-70.2,33.04,63,53,4.99,DO,1691788294
182,tralee,52.2704,-9.7026,15.77,88,99,5.82,IE,1691788294
183,veshenskaya,49.6303,41.7334,28.08,28,22,8.41,RU,1691788294
184,thunder bay,48.4001,-89.3168,13.42,97,100,5.31,CA,1691788294
185,bamboo flat,11.7,92.7167,27.51,82,100,6.87,IN,1691788294
186,granja,-3.1203,-40.8261,27.64,60,31,3.63,BR,1691788273
187,ola,59.5833,151.2833,13.59,84,57,1.1,RU,1691788295
188,west bay,19.3667,-81.4167,32.25,79,40,4.12,KY,1691788295
189,ugoofaaru,5.6667,73.0,27.52,77,99,5.78,MV,1691788295
190,acapulco de juarez,16.8634,-99.8901,31.9,62,75,5.14,MX,1691788179
191,katsuura,35.1333,140.3,25.47,90,16,3.16,JP,1691788295
192,berezovyy,51.6667,135.7,17.05,75,98,0.73,RU,1691788295
193,borovskoy,53.8,64.15,14.61,59,67,2.62,KZ,1691788296
194,queenstown,-31.8976,26.8753,12.81,39,4,2.38,ZA,1691788296
195,egilsstadir,65.2653,-14.3948,9.95,87,75,5.66,IS,1691788296
196,ilulissat,69.2167,-51.1,11.01,71,75,0.51,GL,1691788296
197,margaret river,-33.95,115.0667,10.78,80,99,3.82,AU,1691788296
198,revda,56.801,59.9303,10.71,83,12,1.53,RU,1691788296
199,prince rupert,54.3161,-130.3201,15.05,100,100,1.54,CA,1691788189
200,quillacollo,-17.4,-66.2833,23.04,17,75,3.6,BO,1691788297
201,petropavlovsk-kamchatsky,53.0452,158.6483,12.1,87,0,3.0,RU,1691788297
202,camana,-16.6228,-72.7111,17.81,82,48,4.45,PE,1691788297
203,aasiaat,68.7098,-52.8699,3.76,93,89,2.36,GL,1691788297
204,la sarre,48.8002,-79.1996,21.32,43,63,2.67,CA,1691788299
205,springbok,-29.6643,17.8865,10.83,87,8,0.86,ZA,1691788299
206,keflavik,64.0049,-22.5624,13.95,88,75,3.6,IS,1691788299
207,avarua,-21.2078,-159.775,26.03,83,100,4.12,CK,1691788300
208,nar'yan-mar,67.6713,53.087,15.28,61,4,2.94,RU,1691788300
209,bereznik,62.8551,42.7072,19.24,81,6,2.16,RU,1691788300
210,juegang,32.3174,121.1855,27.73,91,66,3.22,CN,1691788300
211,opuwo,-18.0607,13.84,17.87,33,0,3.2,NA,1691788300
212,carnarvon,-24.8667,113.6333,18.8,86,2,3.55,AU,1691788275
213,lazaro cardenas,17.9583,-102.2,31.12,67,71,5.37,MX,1691788301
214,al kharijah,25.4514,30.5464,28.5,26,0,3.72,EG,1691788301
215,horta,38.5333,-28.6333,23.34,85,36,3.58,PT,1691788301
216,dunedin,-45.8742,170.5036,6.56,60,100,4.02,NZ,1691788301
217,xining,36.6167,101.7667,12.44,88,4,1.38,CN,1691788301
218,happy valley-goose bay,53.3168,-60.3315,14.81,70,70,2.82,CA,1691788302
219,midvagur,62.0511,-7.1939,12.46,94,100,4.63,FO,1691788302
220,leer,53.2316,7.461,20.53,90,100,1.66,DE,1691788302
221,masterton,-40.9597,175.6575,7.16,84,62,0.4,NZ,1691788302
222,saipan,15.1355,145.701,27.39,100,40,3.6,MP,1691788302
223,stanley,54.868,-1.6985,16.55,76,0,3.09,GB,1691788302
224,hauterive,46.0901,3.4459,27.42,66,22,1.68,FR,1691788303
225,west island,-12.1568,96.8225,24.99,83,75,7.2,CC,1691788303
226,ierapetra,35.01,25.7353,26.75,59,0,3.13,GR,1691788303
227,belmonte,-15.8631,-38.8828,22.81,81,27,3.3,BR,1691788303
228,lloydminster,53.2835,-110.0016,18.12,59,75,7.72,CA,1691788303
229,xichang,27.8964,102.2634,20.54,95,100,0.68,CN,1691788303
230,taggia,43.8485,7.8545,26.34,65,6,1.56,IT,1691788304
231,sokcho,38.2083,128.5911,22.92,84,100,1.38,KR,1691788304
232,nova sintra,14.8667,-24.7167,23.03,73,58,0.61,CV,1691788304
233,lihue,21.9789,-159.3672,29.77,68,40,6.17,US,1691788304
234,sanctuary point,-35.1114,150.629,10.11,72,98,2.84,AU,1691788304
235,bhainsdehi,21.6467,77.6325,20.8,90,69,2.28,IN,1691788038
236,orange,33.7,-117.7675,32.09,69,20,3.6,US,1691788304
237,labytnangi,66.6572,66.4183,6.82,75,100,1.8,RU,1691788305
238,mitu,1.1983,-70.1733,30.94,58,84,1.23,CO,1691788305
239,gandu,-13.7439,-39.4867,21.39,78,64,1.73,BR,1691788305
240,walvis bay,-22.9575,14.5053,14.49,84,41,2.85,NA,1691788305
241,banda aceh,5.5577,95.3222,26.27,81,100,5.04,ID,1691788305
242,l'govskiy,51.6307,35.2775,19.14,93,100,6.23,RU,1691788305
243,sipalay,9.75,122.5,25.69,90,99,2.45,PH,1691788306
244,djibo,14.1022,-1.6306,29.97,59,74,3.31,BF,1691788306
245,tocoa,15.6833,-86.0,33.95,52,21,2.86,HN,1691788306
246,fort bragg,35.139,-79.006,31.92,55,100,3.09,US,1691788306
247,alofi,-19.0595,-169.9187,25.08,85,97,4.91,NU,1691788306
248,sekong,-6.3996,106.0252,22.12,92,59,0.24,ID,1691788306
249,constantia,44.1833,28.65,22.61,52,5,5.85,RO,1691788307
250,la passe,45.5549,-0.8967,23.13,90,1,3.43,FR,1691788307
251,mil'kovo,55.6078,37.7956,22.22,84,100,1.78,RU,1691788307
252,campo gallo,-26.5833,-62.85,26.21,34,39,4.7,AR,1691788307
253,kapshagay,43.8833,77.0833,22.45,50,83,2.16,KZ,1691788307
254,sassandra,4.95,-6.0833,23.25,88,74,2.9,CI,1691788307
255,laojunmiao,39.8333,97.7333,21.44,36,4,3.08,CN,1691788307
256,holualoa,19.6228,-155.9522,26.91,80,40,5.14,US,1691788308
257,alice springs,-23.7,133.8833,12.9,53,0,25.48,AU,1691788263
258,fort st. john,56.2499,-120.8529,21.03,38,100,3.15,CA,1691788308
259,karasu,41.071,30.7854,21.84,86,38,3.09,TR,1691788308
260,mount pearl,47.5166,-52.7813,19.42,89,100,4.63,CA,1691788308
261,baharly,38.4362,57.4316,28.93,24,0,1.33,TM,1691788308
262,port douglas,-16.4833,145.4667,20.78,75,59,5.77,AU,1691788308
263,kavaratti,10.5669,72.642,28.02,74,100,7.74,IN,1691788309
264,dudinka,69.4058,86.1778,7.57,45,14,12.89,RU,1691788309
265,vytegra,61.0064,36.4481,17.4,95,89,1.8,RU,1691788309
266,phan rang-thap cham,11.5667,108.9833,25.39,84,36,1.95,VN,1691788309
267,kottapalli,18.4833,79.1,24.44,85,70,2.2,IN,1691788309
268,jayapura,-2.5333,140.7,24.66,92,85,1.73,ID,1691788188
269,three points,32.0767,-111.3137,37.01,26,20,0.69,US,1691788310
270,ituiutaba,-18.9689,-49.465,29.35,24,76,1.42,BR,1691788107
271,fisterra,42.9049,-9.2629,21.53,95,69,3.51,ES,1691788310
272,sao felix do xingu,-6.6447,-51.995,33.15,30,5,1.47,BR,1691788217
273,burnie,-41.0667,145.9167,9.69,85,96,5.17,AU,1691788309
274,antsiranana,-12.2787,49.2917,22.24,82,1,5.66,MG,1691788310
275,tofol,5.3248,163.0078,27.97,73,32,3.2,FM,1691788310
276,longmen,24.9597,118.0889,24.11,97,78,0.26,CN,1691788310
277,enewetak,11.3474,162.3373,28.13,76,89,6.7,MH,1691788311
278,punta arenas,-53.15,-70.9167,3.8,72,43,6.98,CL,1691788311
279,kalifornsky,60.4183,-151.29,19.19,65,75,4.63,US,1691788311
280,san carlos,9.6612,-68.5827,27.9,83,44,0.82,VE,1691788311
281,bafoulabe,13.8065,-10.8321,25.11,88,100,1.85,ML,1691788311
282,hammerfest,70.6634,23.6821,16.25,67,0,2.57,NO,1691788311
283,saldanha,-33.0117,17.9442,13.65,91,23,3.05,ZA,1691788312
284,isafjordur,66.0755,-23.124,10.01,82,100,3.42,IS,1691788312
285,brisas de zicatela,15.8369,-97.0419,32.29,58,40,3.6,MX,1691788312
286,sandnessjoen,66.0217,12.6316,13.29,94,75,2.06,NO,1691788312
287,flin flon,54.7682,-101.865,16.91,67,100,5.14,CA,1691787834
288,mariehamn,60.0973,19.9348,14.34,82,0,6.17,AX,1691788312
289,meulaboh,4.1363,96.1285,24.21,90,85,1.77,ID,1691788312
290,gornyye klyuchi,45.25,133.5,18.94,96,96,2.68,RU,1691788313
291,ponte nova,-20.4164,-42.9086,23.89,48,0,2.68,BR,1691788313
292,hithadhoo,-0.6,73.0833,27.0,76,100,5.84,MV,1691788313
293,susner,23.95,76.0833,23.41,83,98,4.32,IN,1691788313
294,chegdomyn,51.1167,133.0167,16.84,76,100,1.4,RU,1691788313
295,castillos,-34.1667,-53.8333,14.78,42,16,5.13,UY,1691788314
296,coquimbo,-29.9533,-71.3436,18.85,63,0,5.14,CL,1691788314
297,hasaki,35.7333,140.8333,27.39,92,65,4.42,JP,1691788314
298,nova vicosa,-17.8919,-39.3719,23.14,79,41,3.98,BR,1691788314
299,hashtpar,37.8008,48.9037,28.68,48,0,1.73,IR,1691788314
300,pandan,14.0453,124.1694,27.09,83,99,2.59,PH,1691788315
301,korla,41.7597,86.1469,30.12,23,98,3.65,CN,1691788315
302,yei,4.095,30.6779,20.32,84,5,1.46,SS,1691788315
303,cananeia,-25.0147,-47.9267,20.58,90,69,0.66,BR,1691788315
304,olonets,60.9847,32.9698,16.29,95,100,2.38,RU,1691788315
305,weno,7.4515,151.8468,26.97,89,100,5.66,FM,1691788315
306,disa,24.25,72.1667,26.48,78,84,4.56,IN,1691788316
307,akrehamn,59.2667,5.1833,17.78,88,75,7.72,NO,1691788316
308,mbanza-ngungu,-5.25,14.8667,26.44,48,43,0.49,CD,1691788316
309,kudahuvadhoo,2.6708,72.8944,27.5,74,99,4.64,MV,1691788316
310,ilhabela,-23.7781,-45.3581,23.2,81,0,1.3,BR,1691788316
311,iskateley,67.6803,53.1512,15.19,61,4,2.92,RU,1691788317
312,ibotirama,-12.1853,-43.2206,28.35,24,2,1.86,BR,1691788186
313,cambria,35.5641,-121.0808,31.59,62,25,2.95,US,1691788317
314,kulhudhuffushi,6.6221,73.07,28.03,75,100,6.01,MV,1691788317
315,imphal,24.8167,93.95,21.69,99,100,0.65,IN,1691788317
316,pionerskiy,54.9508,20.2275,9.91,61,0,0.82,RU,1691788317
317,dingzhou,38.5131,114.9956,22.64,96,100,2.53,CN,1691788318
318,vuktyl,63.8567,57.3094,11.85,77,11,1.82,RU,1691788318
319,northam,51.0333,-4.2167,16.88,91,100,5.59,GB,1691788318
320,coahuayana de hidalgo,18.7,-103.6583,32.82,60,44,3.43,MX,1691788318
321,sisimiut,66.9395,-53.6735,7.82,83,100,2.86,GL,1691788318
322,victoria point,-27.5833,153.3,15.66,81,0,2.2,AU,1691788318
323,nizhnyaya omka,55.4338,74.9426,11.16,97,100,4.2,RU,1691788318
324,akureyri,65.6835,-18.0878,9.96,87,75,4.12,IS,1691788319
325,tafuna,-14.3358,-170.72,27.6,80,71,7.06,AS,1691788319
326,manokwari,-0.8667,134.0833,25.19,77,87,1.28,ID,1691788319
327,howard springs,-12.497,131.047,23.95,74,48,2.68,AU,1691788319
328,sao vicente,-23.9631,-46.3919,26.1,26,0,0.65,BR,1691788319
329,penzance,50.1186,-5.5371,16.38,84,99,9.55,GB,1691788319
330,soran,49.78,72.8506,10.27,89,69,3.94,KZ,1691788320
331,lom sak,16.7798,101.2422,24.14,90,95,1.64,TH,1691788320
332,salpazari,40.9411,39.1956,23.06,97,100,1.34,TR,1691788320
333,orsk,51.2049,58.5668,15.47,51,0,1.91,RU,1691788152
334,anori,-3.7728,-61.6442,34.9,37,72,1.41,BR,1691788320
335,polyarnyy,69.1989,33.4478,16.89,64,91,2.43,RU,1691788320
336,yaren,-0.5472,166.916,28.79,72,16,4.2,NR,1691788320
337,pontchateau,47.4333,-2.0833,20.03,100,100,4.12,FR,1691788321
338,hinton,53.4001,-117.5857,16.89,50,98,3.02,CA,1691788321
339,al hawatah,13.4167,34.6333,26.29,78,85,6.53,SD,1691788321
340,tshabong,-26.05,22.45,16.72,34,0,4.48,BW,1691788322
341,kapa'a,22.0752,-159.319,30.18,75,40,6.17,US,1691788322
342,kuala belait,4.5833,114.1833,24.71,89,83,2.48,BN,1691788322
343,afaahiti,-17.75,-149.2833,25.93,67,74,6.88,PF,1691788322
344,talcahuano,-36.7167,-73.1167,11.82,62,20,6.17,CL,1691788323
345,namsos,64.4662,11.4957,11.95,87,66,0.51,NO,1691788323
346,bushehr,28.9684,50.8385,34.44,61,0,0.83,IR,1691788323
347,sol'-iletsk,51.1631,54.9918,19.29,46,0,3.37,RU,1691788323
348,balatonboglar,46.7752,17.6441,19.97,56,0,1.25,HU,1691788323
349,port-gentil,-0.7193,8.7815,24.98,88,20,3.09,GA,1691788324
350,truth or consequences,33.1284,-107.2528,34.39,27,20,2.57,US,1691788324
351,chengde,40.9725,117.9361,19.8,98,100,0.72,CN,1691788324
352,quellon,-43.1167,-73.6167,8.14,66,75,2.06,CL,1691788324
353,urucara,-2.5364,-57.76,32.45,44,63,0.75,BR,1691788324
354,sovetskaya gavan',48.9723,140.2878,15.68,93,100,1.77,RU,1691788325
355,onega,63.9061,38.1404,17.94,87,68,2.71,RU,1691788325
356,joshimath,30.5667,79.5667,22.24,91,100,0.04,IN,1691788325
357,celestun,20.8667,-90.4,30.4,73,15,6.87,MX,1691788325
358,fortaleza,-3.7227,-38.5247,27.07,74,20,6.17,BR,1691788326
359,palmer,42.1584,-72.3287,27.65,46,20,7.72,US,1691788226
360,kalmunai,7.4167,81.8167,26.14,81,86,2.41,LK,1691788326
361,khovd,48.0056,91.6419,21.09,39,100,4.41,MN,1691788327
362,vilhena,-12.7406,-60.1458,32.12,28,71,1.86,BR,1691788327
363,semnan,35.5729,53.3971,27.13,26,0,1.9,IR,1691788327
364,dul'durga,50.6761,113.5931,11.4,90,0,1.59,RU,1691788328
365,mitchell,43.7094,-98.0298,28.99,48,0,5.66,US,1691788328
366,escanaba,45.7453,-87.0646,19.42,100,100,6.69,US,1691788272
367,east london,-33.0153,27.9116,20.14,45,0,3.06,ZA,1691788328
368,malazgirt,39.1427,42.5401,24.93,27,64,1.61,TR,1691788329
369,ulsteinvik,62.3432,5.8487,14.86,84,59,1.34,NO,1691788329
370,n'dalatando,-9.2978,14.9116,21.05,65,1,1.7,AO,1691788329
371,mora,11.0461,14.1401,26.89,70,100,0.85,CM,1691788330
372,paita,-5.0892,-81.1144,22.95,74,3,8.48,PE,1691788330
373,knyaze-volkonskoye,48.4642,135.4567,19.19,90,100,2.0,RU,1691788331
374,qarazhal,48.0078,70.7903,14.24,57,7,2.81,KZ,1691788331
375,sarangani,5.4033,125.4636,27.49,78,98,4.83,PH,1691788332
376,emerald,-23.5333,148.1667,12.68,73,0,1.63,AU,1691788332
377,katsuren-haebaru,26.3369,127.8719,27.01,94,5,0.44,JP,1691788332
378,sooke,48.3746,-123.7276,26.43,72,44,8.75,CA,1691788332
379,robore,-18.3333,-59.75,36.56,23,32,4.0,BO,1691788333
380,ryotsu-minato,38.0833,138.4333,27.16,81,47,1.14,JP,1691788333
381,linghai,41.1653,121.3667,22.81,79,99,2.16,CN,1691788333
382,gemena,3.25,19.7667,22.31,96,97,1.24,CD,1691788333
383,necochea,-38.5473,-58.7368,7.73,73,95,12.2,AR,1691788333
384,mabaruma,8.2,-59.7833,28.78,69,24,2.66,GY,1691788334
385,wotje,9.4543,170.2367,27.97,81,97,8.41,MH,1691788334
386,patan,27.6667,85.3333,22.22,100,75,1.03,NP,1691788334
387,aitape,-3.1374,142.3475,25.59,89,89,3.47,PG,1691788334
388,aykhal,66.0,111.5,14.4,65,100,1.97,RU,1691788334
389,fort mcmurray,56.7268,-111.381,16.77,77,100,3.6,CA,1691788334
390,kargopol',61.5071,38.9456,18.57,88,36,1.28,RU,1691788335
391,baukau,51.5526,7.2042,25.1,66,100,2.68,DE,1691788335
392,dewas,22.9667,76.0667,22.1,91,68,2.38,IN,1691788335
393,susuman,62.7833,148.1667,16.83,48,15,0.94,RU,1691788335
394,huaicheng,23.9051,112.1931,24.58,96,100,0.81,CN,1691788336
395,at taj,24.2049,23.2857,32.73,24,0,6.52,LY,1691788336
396,yuzhno-kurilsk,44.0306,145.8556,14.95,91,100,3.6,RU,1691788336
397,dakhla,23.6848,-15.958,24.01,78,89,8.75,EH,1691788336
398,homa bay,-0.5273,34.4571,19.33,81,31,2.2,KE,1691788336
399,serafimovich,49.5786,42.736,25.9,24,26,8.52,RU,1691788337
400,montepuez,-13.1256,38.9997,19.71,67,71,3.89,MZ,1691788337
401,kununurra,-15.7667,128.7333,14.99,82,93,0.0,AU,1691788337
402,nguigmi,14.2495,13.1092,28.55,65,63,3.56,NE,1691788337
403,brambleton,38.9821,-77.5386,31.07,51,75,3.6,US,1691788337
404,kencong,-8.2833,113.3667,20.49,90,100,1.08,ID,1691788338
405,porbandar,21.6422,69.6093,26.78,80,100,7.77,IN,1691788338
406,porto novo,6.4965,2.6036,24.9,92,93,2.28,BJ,1691788338
407,sitangkai,4.6628,119.3928,28.09,74,100,4.65,PH,1691788338
408,twon-brass,4.3151,6.2418,25.37,87,92,3.67,NG,1691788338
409,sundumbili,-29.1337,31.3975,14.97,82,0,3.22,ZA,1691788339
410,okhotsk,59.3833,143.3,13.61,84,11,2.5,RU,1691788339
411,katabu,-4.9333,122.5167,22.65,91,65,2.19,ID,1691788339
412,la ronge,55.1001,-105.2842,16.14,82,75,4.63,CA,1691788339
413,warmbad,-28.45,18.7333,19.32,26,68,1.55,NA,1691788339
414,arraial do cabo,-22.9661,-42.0278,22.92,78,0,5.66,BR,1691788340
415,haiku-pauwela,20.9219,-156.3051,29.01,64,40,10.29,US,1691788340
416,itoman,26.1247,127.6694,27.01,94,10,1.03,JP,1691788340
417,bodaybo,57.8506,114.1933,16.01,93,100,0.82,RU,1691788340
418,velingara,13.15,-14.1167,24.48,93,74,3.53,SN,1691788340
419,terrace,54.5163,-128.6035,15.95,94,100,4.12,CA,1691788340
420,mossel bay,-34.1831,22.146,16.96,70,71,1.45,ZA,1691788341
421,port augusta,-32.5,137.7667,12.6,48,99,3.0,AU,1691788341
422,tazacorte,28.629,-17.9293,26.54,69,8,5.66,ES,1691788341
423,fuglafjordur,62.244,-6.814,12.26,99,100,2.82,FO,1691788341
424,selibaby,15.159,-12.1829,28.93,65,53,5.26,MR,1691788342
425,oppdal,62.5943,9.6912,10.22,84,57,1.69,NO,1691788342
426,puerto el triunfo,13.2833,-88.55,31.46,65,88,4.31,SV,1691788342
427,salahonda,2.1019,-78.7217,26.67,82,67,6.57,CO,1691788342
428,illapel,-31.6308,-71.1653,20.62,41,45,3.01,CL,1691788342
429,upata,8.0086,-62.3989,28.44,50,62,3.52,VE,1691788342
430,zapolyarnyy,69.4154,30.8136,18.6,62,84,2.95,RU,1691788343
431,slavgorod,52.9978,78.6449,13.07,90,100,3.98,RU,1691788343
432,amherst,41.3978,-82.2224,29.27,66,40,2.57,US,1691788282
433,thabazimbi,-24.5917,27.4116,14.73,42,12,1.88,ZA,1691788343
434,eilat,29.5581,34.9482,31.91,45,0,7.2,IL,1691788343
435,santa ana de yacuma,-13.75,-65.4333,32.27,40,100,2.87,BO,1691788343
436,raufoss,60.7264,10.6172,11.53,89,72,1.77,NO,1691788344
437,diapaga,12.0708,1.7889,24.55,89,100,1.16,BF,1691788344
438,pacific grove,36.6177,-121.9166,25.67,77,0,5.14,US,1691788344
439,gisborne,-38.6533,178.0042,7.99,61,7,1.99,NZ,1691788344
440,ulladulla,-35.35,150.4667,8.56,74,100,2.5,AU,1691788344
441,maraba,-5.3686,-49.1178,34.1,38,0,1.54,BR,1691788324
442,prainha,-1.8,-53.48,33.53,40,9,2.77,BR,1691788344
443,zhanga buqtyrma,49.6295,83.5248,16.35,96,87,0.37,KZ,1691788345
444,severo-yeniseyskiy,60.3725,93.0408,12.18,99,100,0.81,RU,1691788345
445,saint-louis,16.3333,-15.0,35.81,37,100,3.59,SN,1691788345
446,ghadamis,30.1337,9.5007,30.93,21,0,4.32,LY,1691788345
447,camiri,-20.05,-63.5167,31.58,25,0,4.33,BO,1691788345
448,kani keli,-12.9536,45.1033,23.59,74,1,3.4,YT,1691788346
449,igrim,63.1906,64.4162,8.38,74,16,2.28,RU,1691788346
450,salekhard,66.53,66.6019,6.69,73,98,2.67,RU,1691788346
451,zakamensk,50.3741,103.2863,12.33,93,36,0.87,RU,1691788346
452,cafayate,-26.073,-65.9761,19.13,41,96,3.9,AR,1691788346
453,liwale,-9.7667,37.9333,18.06,54,0,1.02,TZ,1691788346
454,pocito,-31.6833,-68.5833,15.99,29,25,3.88,AR,1691788242
455,colares,38.7992,-9.4469,23.55,82,5,13.41,PT,1691788347
456,arak,34.0917,49.6892,23.26,23,0,1.02,IR,1691788347
457,forster,-32.1667,152.5167,9.3,58,0,2.7,AU,1691788347
458,escarcega,18.6089,-90.7454,40.06,23,35,1.37,MX,1691788348
459,maceio,-9.6658,-35.7353,22.69,94,100,2.06,BR,1691788348
460,santo domingo de los colorados,-0.25,-79.15,27.04,65,69,2.01,EC,1691788213
461,mtambile,-5.3833,39.7,23.53,82,7,4.14,TZ,1691788348
462,lata,40.1629,-8.3327,22.73,98,6,1.49,PT,1691788348
463,hirara,24.8,125.2833,28.35,78,68,1.24,JP,1691788349
464,west end,26.6833,-78.9667,30.99,67,6,1.48,BS,1691788349
465,wakkanai,45.4094,141.6739,15.61,94,100,3.13,JP,1691788349
466,sorong,-0.8833,131.25,25.53,84,99,4.36,ID,1691788349
467,porvoo,60.3923,25.6651,16.61,91,56,2.04,FI,1691788349
468,siroki brijeg,43.3833,17.5928,22.51,61,0,3.27,BA,1691788350
469,the pas,53.8251,-101.2541,15.01,94,100,3.09,CA,1691788350
470,aleksandrovsk-sakhalinskiy,50.8975,142.1561,14.94,90,34,2.87,RU,1691788350
471,bengkulu,-3.8004,102.2655,24.05,91,91,3.98,ID,1691788350
472,gadzhiyevo,69.2551,33.3362,16.69,63,87,2.51,RU,1691788351
473,nikolayevsk-on-amure,53.1406,140.73,16.78,84,88,0.71,RU,1691788351
474,rocha,-34.4833,-54.3333,14.68,36,3,6.1,UY,1691788351
475,veinticinco de mayo,-35.4323,-60.1727,12.21,20,0,0.89,AR,1691788351
476,awjilah,29.1081,21.2869,27.0,54,0,6.87,LY,1691788351
477,arapgir,39.0412,38.4952,26.35,24,0,0.54,TR,1691788352
478,vostochnyy,55.8167,37.8667,22.1,82,100,0.64,RU,1691788299
479,lethem,3.3803,-59.7968,31.68,54,57,1.06,GY,1691788352
480,cao bang,22.6667,106.25,24.06,99,27,0.51,VN,1691788352
481,san fernando de apure,7.8878,-67.4724,28.45,87,96,1.1,VE,1691788352
482,haapavesi,64.1333,25.3667,14.73,93,99,0.45,FI,1691788352
483,al burayqah,30.4062,19.5739,26.58,67,0,8.66,LY,1691788353
484,chosica,-11.9431,-76.7094,19.35,48,5,3.55,PE,1691788353
485,ben gardane,33.1378,11.2197,26.23,56,0,4.7,TN,1691788353
486,dniprorudne,47.3817,34.9765,20.05,88,53,3.48,UA,1691788353
487,daokou,35.5639,114.5058,25.84,79,100,1.19,CN,1691788353
488,prince albert,53.2001,-105.7677,17.97,82,75,4.12,CA,1691788225
489,plastun,44.7561,136.2939,16.63,95,100,2.53,RU,1691788354
490,acarau,-2.8856,-40.12,25.83,76,0,8.19,BR,1691788214
491,las lomitas,-24.7096,-60.593,31.31,41,98,5.18,AR,1691788354
492,hastings,50.8552,0.5729,18.88,46,100,4.92,GB,1691788354
493,niquelandia,-14.4739,-48.4597,29.81,17,76,3.11,BR,1691788233
494,pimentel,-6.8367,-79.9342,23.16,68,75,8.75,PE,1691788354
495,lashio,22.9333,97.75,20.26,100,100,0.41,MM,1691788355
496,toliara,-23.35,43.6667,16.83,64,0,5.3,MG,1691788355
497,fortuna,40.5982,-124.1573,24.4,75,20,6.17,US,1691788355
498,waitara,-38.925,174.25,11.38,78,100,1.47,NZ,1691788355
499,suncook,43.1306,-71.4531,27.51,51,0,7.72,US,1691788355
500,at taraf,25.3628,49.725,34.91,41,7,1.83,SA,1691788355
501,orvieto,42.7195,12.1116,23.74,65,0,0.81,IT,1691788355
502,alpena,45.0617,-83.4327,20.14,87,100,2.57,US,1691788282
503,varna,43.2167,27.9167,19.69,82,1,1.54,BG,1691788356
504,rio grande,-32.035,-52.0986,18.06,84,43,2.9,BR,1691788356
505,puerto leguizamo,-0.1934,-74.7819,28.11,66,91,1.69,CO,1691788356
506,touros,-5.1989,-35.4608,24.94,75,9,6.53,BR,1691788264
507,palikir - national government center,6.9248,158.1611,28.41,79,100,0.0,FM,1691788356
508,conde,-7.2597,-34.9075,23.7,88,40,2.06,BR,1691788356
509,nyrob,60.733,56.7202,12.25,74,4,1.49,RU,1691788357
510,nadym,65.5333,72.5167,3.78,67,8,8.79,RU,1691788357
511,noosa heads,-26.3833,153.15,14.08,77,3,4.22,AU,1691788357
512,taiynsha,53.8478,69.7639,13.38,78,97,3.34,KZ,1691788357
513,qulsary,46.9531,54.0198,27.98,32,0,7.25,KZ,1691788357
514,atbasar,51.8,68.3333,16.32,53,84,5.7,KZ,1691788357
515,tavira,37.1273,-7.6486,31.93,38,0,6.3,PT,1691788358
516,bure,10.7,37.0667,13.01,94,100,1.87,ET,1691788358
517,champerico,14.3,-91.9167,31.22,68,100,6.01,GT,1691788358
518,kirensk,57.7853,108.1119,13.64,94,65,0.87,RU,1691788358
519,comodoro rivadavia,-45.8667,-67.5,6.79,47,6,11.06,AR,1691788314
520,ust'-kalmanka,52.1207,83.305,14.19,96,100,2.77,RU,1691788358
521,kundiawa,-6.0167,144.9667,16.2,98,100,0.27,PG,1691788358
522,sao paulo de olivenca,-3.3783,-68.8725,28.14,73,100,1.0,BR,1691788344
523,tomohon,1.3346,124.8392,18.52,89,100,1.66,ID,1691788094
524,pecanha,-18.5486,-42.5569,20.23,53,65,2.0,BR,1691788359
525,pokhara,28.2333,83.9833,23.04,98,100,0.2,NP,1691788359
526,maughold,54.2988,-4.3184,15.57,86,9,10.09,IM,1691788359
527,mana,5.6592,-53.7767,27.78,75,100,4.06,GF,1691788359
528,margate,51.3813,1.3862,18.83,90,99,2.24,GB,1691788360
529,zemio,5.0314,25.1361,21.34,95,38,0.72,CF,1691788360
530,pointe-noire,-4.7761,11.8635,21.58,88,0,2.77,CG,1691788360
531,atherton,53.5237,-2.4935,18.47,72,30,0.89,GB,1691788360
532,chitipa,-9.7024,33.2697,12.79,92,0,3.08,MW,1691788360
533,inarajan village,13.2736,144.7484,26.54,97,100,6.63,GU,1691788360
534,callao,-12.0667,-77.15,24.84,68,75,5.14,PE,1691788361
535,rmi capitol,7.0893,171.3805,29.97,79,100,4.12,MH,1691788361
536,zhanaozen,43.3,52.8,30.42,19,0,3.15,KZ,1691788361
537,ayorou,14.7308,0.9174,27.29,65,100,7.18,NE,1691788361
538,tateyama,34.9833,139.8667,25.7,87,3,3.32,JP,1691788361
539,grande prairie,55.1667,-118.8027,19.1,48,75,6.69,CA,1691788362
540,druzhba,52.0428,33.9453,18.38,98,100,6.24,UA,1691788362
541,arkhangel'sk,64.5401,40.5433,18.75,76,1,2.24,RU,1691788362
542,massawa,15.6097,39.45,33.97,50,43,2.92,ER,1691788362
543,maracas,-13.4411,-40.4308,18.36,69,21,3.2,BR,1691788358
544,merida,20.9667,-89.6167,38.9,39,75,4.12,MX,1691788208
545,ksar chellala,35.2122,2.3189,29.56,27,0,3.04,DZ,1691788362
546,al jawf,29.5,38.75,34.37,13,3,6.08,SA,1691788363
547,papao,-17.75,-149.55,26.82,66,21,7.54,PF,1691788363
548,tromso,69.6496,18.957,16.32,67,40,2.57,NO,1691788281
549,lamas,-6.4167,-76.5333,32.26,40,24,1.58,PE,1691788363
550,batang,-6.4846,110.7083,22.94,71,90,3.17,ID,1691788363
551,letterkenny,54.95,-7.7333,16.94,90,100,5.71,IE,1691788363
552,noyabrsk,63.1994,75.4507,6.93,51,6,9.42,RU,1691788364
553,kuqa,41.7278,82.9364,25.92,33,53,4.01,CN,1691788364
554,uryupinsk,50.8047,42.0138,24.78,31,75,7.2,RU,1691788364
555,kerikeri,-35.2268,173.9474,8.28,93,98,0.78,NZ,1691788225
556,penkridge,52.7256,-2.1156,19.8,70,98,3.8,GB,1691788364
557,ouadda,8.0777,22.4007,20.45,97,100,1.65,CF,1691788364
558,narrabri,-30.3167,149.7833,7.51,54,0,1.91,AU,1691788365
559,kolonia town,6.964,158.206,29.0,79,100,0.0,FM,1691788365
